isim,alternatif,durum,tur,kategori,yazar,cizer,son_guncelleme,ozet,c_3,bolum,resim
Kılıç Kralının Fantezi Dünyasında Hayatta Kalma Hikayesi,"A Sword King’s Fantasy World Survival Story, Igye Geomwang Saengjongi, Isekai Kenou Seizon-ki, Las flipantes aventuras del rey de la espada en otro mundo, Latna Saga: A Jornada do Rei Espadachim, Otherworldly Sword King's Survival Records, Registros de supervivencia del Rey de la Espada del Otro Mundo, Rey de la espada, Survival Story of a Sword King, Survival Story of a Sword King in a Fantasy World, The Survival Record of the Sword King in Another World, حماسه رثنا: بقای پادشاه شمشیر, การเอาชีวิตรอดของราชาดาบในต่างโลก, 拔剑九亿次, 異世界剣王生存記, 異界剣王生存記, 異界劍王生存記, 이계 검왕 생존기, 이계검왕생존기",Ongoing,Manhwa,"['Aksiyon', 'Büyü', 'Doğaüstü', 'Fantastik', 'Manhwa', 'Sistem']","SOON-Q, YKB","SOON-Q, Studio Khit",2 Mart 2026,"Ryu Hanbin, farklı bir dünyaya yollanmadan hemen önce zorunlu askerliğini bitirmiş normal bir adamdı. Canavarlarla dolu bu dünyada hayatta kalması ve güçlenmesi gerekiyordu ancak ona bu macerada yardımcı olacak kılavuz sistemi hatalarla doluydu.",Finali,279,https://golgebahcesi.com/wp-content/uploads/2025/11/unnamed-2.jpg
Yüce Büyücünün Müfredatı,Archmage Curriculum,Ongoing,Manhwa,[],,,1 Mart 2026,"Yujin adında iyi kalpli ve adil, fakat ürkütücü görünen bir büyücü kaderini belirleyecek bir karar alır: merhum ustasının kızı Jeong Ain’i kanatları altına alacak ve onu bir Yüce Büyücü olarak yetiştirecektir.",,14,https://golgebahcesi.com/wp-content/uploads/2026/01/Kapak_upscayl_1x_upscayl-standard-4x.png
Sichuan Tang Klanının Genç Efendisi,"Becoming the Sacheon Tang's Sword God Level Young Lord, Becoming the Swordmaster Rank Young Lord of the Sichuan Tang Family, Convirtiéndose en el Joven Señor con rango de Maestro de Espadas de la Familia Tang de Sichuan, Convirtiéndose en el Maestro de Espadas de la Familia Tang, He Became the Head of the Four Heavenly Dang Family, He Became the Swordmaster-Rank Young Lord of the Tang Family of Sacheon, Он стал главой семьи Четырех Небесных Дангов, 사천당가의 검신급 소가주가 되었다",Ongoing,Manhwa,"['Aksiyon', 'Dövüş Sanatları', 'Dram', 'Fantastik', 'Tarihsel']","Hwagye PSG [Add, ]",Kim Jong-Seop,1 Mart 2026,"Sichuan Tang Klanının Genç Efendisi:[Becoming the Swordmaster Rank Young Lord of the Sichuan Tang Family]
Bir zamanlar Zehrin ve Gizli Silahların Saygın Hanesi olan Sichuan Tang Ailesi çöküş hâlindedir.",,112,https://golgebahcesi.com/wp-content/uploads/2025/12/Baslksz9_20251012213636.png
Ölümüne Suçlu,,Hiatus,Manhwa,"['Aksiyon', 'Doğaüstü', 'Fantastik', 'Macera', 'Shounen']",Fupin,EunJi,28 Şubat 2026,"Ölümüne Suçlu:[Villian to kill]
Bir meslektaşını öldürmekle suçlandıktan sonra, Cassian Lee ölümün eşiğine geldi.",,203,https://cdn.hellowebtoon.xyz/2FdroCm140aCfam32/gbcs/classico/jJCWpcKfP18PjUHvNzOpmbOeARJt2wCV.webp
Kanlı Geri Dönüş,"Reborn on the Demonic Cult Battlefield,Demonic Frontline: The Thirteenth Flying Dragon,13th Generation Flying Dragon of the Demonic Sect",Ongoing,Manhwa,"['Aksiyon', 'Aşırı Güçlü', 'Dövüş Sanatları', 'Fantastik', 'İkinci Şans', 'İntikam', 'Murim', 'Yeniden Doğuş']",신검일,고굼마,28 Şubat 2026,"Bir zamanlar klanın yüz karasıydım, şimdi ise hafızası sonuna kadar güçlendirilmiş, aşırı güçlü bir dövüş sanatları dahisiyim.",,29,https://golgebahcesi.com/wp-content/uploads/2025/10/1762178693496_upscayl_2x_upscayl-standard-4x-kopya-1.png
Dükün Suikastçı Oğlu,,Ongoing,Manhwa,"['Aksiyon', 'Fantastik', 'İntikam', 'Macera']",,,28 Şubat 2026,"The Regressed Son of a Duke is an Assassin
Dük’ün Suikastçi Oğlu",,114,https://golgebahcesi.com/wp-content/uploads/2025/11/oArZlDVJPHcw2eLDj68UIFHd7NyKm76N-kopya.webp
Düşüşten Sonraki Dünya,,Ongoing,Manhwa,[],,,28 Şubat 2026,The World After The End,,168,https://cdn.hellowebtoon.xyz/2FdroCm140aCfam32/gbcs/classico/Lnfm9bphvErS19HLk5T9Haur4ultyKrV.webp
Semavî İblisin Yolu,The Great Heavenly Demon Sovereign,Ongoing,Manhwa,[],,,28 Şubat 2026,"On şeytani mezhep güçlerini birleştirip İblis Sarayı’nı, şeytani yolun kutsal diyarını yarattı.",,42,https://golgebahcesi.com/wp-content/uploads/2025/10/1762170799271_waifu2x_photo_noise2_scale-kopya-1.png
Prizmatik Dahi Büyücü,,Ongoing,Manhwa,"['Aksiyon', 'Dahi Mc', 'Fantastik', 'İntikam', 'Macera']",하수,캉캉,28 Şubat 2026,Gecekondu mahallelerinde Ray adında duyguları olmayan genç bir çocuk yaşıyordu.,,64,https://golgebahcesi.com/wp-content/uploads/2025/11/Gemini_Generated_Image_2piv9i2piv9i2piv.jpg
Kötülerin Efendisi,"악당들의 후원자가 되었다,Became the Patron of Villains,Raising Villains the Right Way",Ongoing,Manhwa,[],,,28 Şubat 2026,"Bir şirket kölesiyken, gözümü açtığımda kendimi oyunun içinde soylu bir yan karakter olarak buldum. Tek sorun? Kaderimde, geleceğin baş kötüleri olacak veletlerin elinde feci şekilde ölmek vardı.",,23,https://golgebahcesi.com/wp-content/uploads/2025/10/1762632637961-kopya_upscayl_2x_upscayl-standard-4x.jpg
Gel Beni Al,,Ongoing,Manhwa,"['Aksiyon', 'Fantastik', 'Komedi', 'Macera', 'Sistem']",,,28 Şubat 2026,"Pick Me Up, Infinite Gacha :",,190,https://golgebahcesi.com/wp-content/uploads/2025/10/1763653991953.gif
Asi Leydileri Eğitme Rehberi,,Ongoing,Manhwa,[],,,28 Şubat 2026,"Akademide Hayatta Kalma Yolları`nın yazarından ve
Deli Mühendis ile Sonsuz Döngüde Hapsolan başta olmak üzere birçok eserin stüdyosundan!",,12,https://golgebahcesi.com/wp-content/uploads/2026/01/edrwee.webp
Kızıl Geri Dönüş,,Ongoing,Manhwa,[],,,28 Şubat 2026,"Solo Leveling, Kuduz Hancerin İntikamı ve daha birçok eserin yapımcısı Redice Studio ve Dük Pendragon’un yazarı tarafından sunuluyor!",,32,https://golgebahcesi.com/wp-content/uploads/2025/12/ABS2GSkuf94MBF310z6eO_M4LFDyRTtkqvS4oQRvfMkGAHzsX4Cg7pVIWMawv3SQHExlnP0xBpxTDGy_khkWfiu7cwqvt0KcXtJmEI7leeiNAlklQJA3OOtfRqwhdMG5NbEdGIYwQZZZoKsFaJUEdU2k7FY_0VW2jfmWApEEOCEkwhiE-M0ds1024-rj-kopya.jpg
Tembel Zindan Patronu,"Mr Devourer, Please Act Like a Final Boss",Ongoing,Manhwa,[],LelTree,D&C Webtoon Biz/ WookJakga,27 Şubat 2026,"[Solo Leveling’i Redice stüdyosu ile sizlere sunan stüdyo tarafından!] Zindan baskınları dönemi nihayet geldi. Yedi Büyük Kötü Zindan — fethedilmesi imkansız olduğu düşünülen en güçlü yedi zindan. En kötü şöhretli zindan olan Primordial Core’un derinliklerinde, tüm zamanların en kötü boss canavarı “Devourer” yaşıyor. “Zindan patronunun, insanlar tam önünde durana kadar uyuklaması mantıklı mı?!?!” İnsanların sürekli ziyaretleri nedeniyle, Primordial Core’un kapı eşiği hiç kurumuyor ve Devourer’ın duyduğu sızlanmalar hiç bitmiyor…?! “Ha… Bunu yapmak istemiyorum.”
Makine Çeviri-Edittir.",,115,https://golgebahcesi.com/wp-content/uploads/2025/12/Gemini_Generated_Image_1klasd1klasd1kla.png
Gizlice Kahramandan Daha Güçlü,,Ongoing,Manhwa,[],,,27 Şubat 2026,"Küçük yaşlardan beri, sıradan görünümlü ama eşsiz bir güce sahip olan o “mütevazı kahraman” olmayı hep hayal etmişimdir. Ama bir gün, sekiz tonluk bir kamyonun çarpmasıyla kaderim değişti ve birdenbire reenkarnasyon gündeme geldi! “Bir sonraki hayatında ne olmak istersin?” diye sordu reenkarnasyon tanrıçası. Heyecanla cevap verdim: “Zayıf biri olmak istiyorum, ama gizlice OP!” Tanrıça dileğimi kabul etti, ama beklenmedik bir şartla: Eğer biri gerçek yeteneklerimi ortaya çıkarırsa, kalbim patlayacak! Bu, benim hayal ettiğim “gizlice OP zayıf hayat” değildi…",,106,https://golgebahcesi.com/wp-content/uploads/2025/11/Gemini_Generated_Image_l6i6sal6i6sal6i6-kopya_result.webp
Kutsal İblis Yetişimi,"천마육성 , Heavenly Demon Cultivation , 天魔育成 , Heavenly Demon Cultivation Simulation , Kutsal İblis Yetişimi",Ongoing,Manhwa,"['Aksiyon', 'Dövüş Sanatları', 'İkinci Şans', 'Manhwa', 'Murim', 'Yeniden Doğuş']",,,27 Şubat 2026,"Hua Dağı Mezhebinin bölgesine büyük lider ‘Mantis’ tarafından bir grup izci gönderildi. Kahraman ‘Seol Hwi’ Hua Mezhebinin ustası ‘Goo Jong Myung’la karşılaşır ve ölümle karşı karşıya gelir. Daha sonra bir durum penceresi açılır ve keşif görevi verilmeden önceki zamana dönmesini sağlar. Onu ölüme sürükleyen keşif görevini aldıktan sonra, Seol Hwi kaçınılmaz gerçeği değiştirmek için mücadele eder. Her krizde ortaya çıkan durum penceresi, geleceği belirsiz seçimler yaptırır. Seol Hwi yaptığı seçimler ile en iyi kararı bulmaya çalışırken yaşam ve ölümle yüzleşmek zorundadır.",,164,https://golgebahcesi.com/wp-content/uploads/2025/10/kiy.jpg
Efsanevi Başbüyücünün Dönüşü,,Ongoing,Manhwa,[],,,27 Şubat 2026,"“Yani, ben bir ‘Yapay Zeka uyumsuzu’ muyum?”",,90,https://golgebahcesi.com/wp-content/uploads/2026/01/Gemini_Generated_Image_x341w1x341w1x341_waifu2x_art_scan_noise2_scale_result.webp
Nebula’nın Gezegeni,The Nebula's Civilization,Ongoing,Manhwa,[],,,27 Şubat 2026,"[Akademi’nin Dahi Kılıç Ustası’nı sizlere sunan stüdyodan!] Choi Sungwoon, “Yok Olmuş Dünya” adlı oyunda tüm başarımları başarıyla tamamlayan bir oyuncuydu. Oyunun sıralamalarında bir numarada yer alıyordu. Bu büyük başarıyı elde ettikten sonra, kısa bir süreliğine mutluluk yaşadı. Ancak bu sevincin ardından, şüpheli bir e-posta aldı ve kendini “Yok Olmuş Dünya”nın gerçek bir versiyonunda buldu. Artık bir “tanrı” olma yolunda yarışa başladı.",,116,https://golgebahcesi.com/wp-content/uploads/2025/12/Gemini_Generated_Image_mmv2oemmv2oemmv2.jpg
Son Seviye Çaylak,,Ongoing,Manhwa,"['Aksiyon', 'Fantastik', 'Komedi', 'Macera']",,,27 Şubat 2026,Solo Max-Level Newbie,,246,https://cdn.hellowebtoon.xyz/2FdroCm140aCfam32/gbcs/classico/YlB96F4Mduve7OeuDhXm3OMZ0pxR6uV8.webp
Sashimi Bıçağı İle Akademinin Anasını Ağlatıyorum,"Chew the Academy With a Sashimi Stick, Chewed Up the Academy With a Bag of Sashimi, I Took Over the Academy With a Single Sashimi Knife, The Academy's Sashimi Sword Master, Thống Lĩnh Học Viện Chỉ Bằng Dao Sashimi, 사시미 한 자루로 아카데미를 씹어먹음",Ongoing,Manhwa,"['Aksiyon', 'Dram', 'Fantastik', 'Harem', 'Okul Hayatı', 'Seinen']","GMAN, Tang Ahulu",GMAN,27 Şubat 2026,"Sashimi Bıçağı İle Akademinin Anasını Ağlatıyorum
“Kesersem kesilir.”",,68,https://golgebahcesi.com/wp-content/uploads/2025/08/ABS2GSlKi_3YK-2969MXPmWRLUjhJhESoJhwwnSrvC6M1rAJ9VbrXoq03fQm4mq4FJD_Ac9ydanFGc7eMBxHjVE-WZuckXAbeSPkkc3t9kZR9CXMFGtxiN-tO3PWnngX5YHfAWCQeg6ZCx7gctrwkcdorv9wbdYjfezghV7Ulaar7zDv9lns1024-rj-kopya.jpg
Kozmik İlahi İblis 3077,"Cosmic Heavenly Demon 3077, Space Cheon Ma 3077, 宇宙天魔 3077, 우주천마 3077",Ongoing,Manhwa,"['Aksiyon', 'Bilim Kurgu', 'Dövüş Sanatları', 'Fantastik', 'Komedi', 'Shounen']","Noksaek Yeowoo, Sanha",Kim Dae-Young,26 Şubat 2026,"Sayısız yıl sonra, Tai Dağı’nda mühürlenmiş olan Göksel İblis nihayet uyandı ve insanlığın radyasyonla sırılsıklam olmuş Dünya’yı çoktan terk ettiğini, şimdiyse galaksinin uzak noktalarını keşfetmekte olduğunu keşfetti.",,74,https://cdn.hellowebtoon.xyz/2FdroCm140aCfam32/gbcs/classico/zRBoZAOzYQLed4Veau0yFMuxaZeGRP42.webp
Göksel İblisin Yolculuğu,"Demonio Celestial de la Reencarnación, Líder de la Alianza, Rebirth of the Heavenly Demon, Rebirth, Heavenly Demon, Reborn as the Heavenly Demon, Reborn Heavenly Demon, Reincarnated Heavenly Demon, Reincarnation of the Heavenly Demon, Renacido como el demonio, 転生天魔, 轮回天魔, 還生天魔, 환생천마",Ongoing,Manhwa,"['Aksiyon', 'Dövüş Sanatları', 'Dram', 'Fantastik', 'Shounen', 'Tarihsel']","Jang Yeonghun, JP",Boogyeom,26 Şubat 2026,"Tian Hejin, halk arasında “Demir İradeli İttifak Lideri” olarak bilinirken, bir sabah ailesinin utanç kaynağı olan “Bi Liduan”ın bedeninde uyanır! Kumar oynamak en büyük hobisidir ve uzun süredir karanlık bir depoda kilitli tutulmaktadır. Bir gecede, Jianghu’nun en büyük ustasıyken en değersiz ve işe yaramaz kişisine dönüşür.",,109,https://golgebahcesi.com/wp-content/uploads/2025/08/rhdddd1_waifu2x_art_scan_noise2_scale.png
Sichuan Tang Klanının Böcek Bilimcisi,"A Poison Master in the Sichuan Tang Clan, El maestro del veneno del Clan Tang Sichuan, Fabre in Sacheon Tang Clan, Fabre in Sacheondangga, The Poison Master of Sacheon Tang Clan, 파브르 in 사천당가",Ongoing,Manhwa,"['Aksiyon', 'Dövüş Sanatları', 'Fantastik', 'Komedi', 'Shounen']","Erhut, Jidaegong Mabeobsonyeon",Kraken,26 Şubat 2026,"Bir milyondan fazla abonesi olan, zehir ve zehirli böcekler konusunda uzman olarak ün yapmış popüler yayıncı Karınca Çiftliğim, kaderin beklenmedik cilvesiyle karşı karşıya kaldı. Afrika’da yerel çekim sırasında, bir kara mamba tarafından ısırılınca hayata gözlerini yumdu ve dövüş sanatları dünyasında uyandı.",,70,https://golgebahcesi.com/wp-content/uploads/2025/07/1-thumbnail_IMAG21_aad66c46-90fc-4d2d-8cb9-46fc0ff0abc2.jpg
Kuduz Hançerin İntikamı,,Ongoing,Manhwa,"['Aksiyon', 'Doğaüstü', 'Dövüş Sanatları', 'Fantastik', 'İntikam', 'Macera']",,,26 Şubat 2026,Baskervillelerin köpeği: Vikir.,,151,https://golgebahcesi.com/wp-content/uploads/2025/08/1-01J7TV2G7719CVSTSW9T9M6F31-thumb-small-kopya_waifu2x_art_scan_noise2_scale.png
Akademide Hayatta Kalma Yolları,"Academy-eseo Saranamgi, How to Survive at the Academy, Hướng Dẫn Sinh Tồn Trong Học Viện, Surviving the Academy, モブ悪役がアカデミーで生き残るには, 三流反派的學院生存記, 아카데미에서 살아남기",Ongoing,Manhwa,"['Aksiyon', 'Doğaüstü', 'Dram', 'Harem', 'Macera', 'Romantizm', 'Seinen']",Corita,Geulingilin,2 Mart 2026,En sevdiğim oyundaki gereksiz kötü karakterin bedenine girdim. Tek arzum sessiz sakin bir hayat sürmekti ama bu dünyada yaşamak amma da zormuş! Hayatta kalabilmek için ne gerekiyorsa yapmalıyım. Başkarakter kendi yolunda ilerlerken ben de “gereksiz kötü adamın yoluyla” oyunun sonuna ulaşacağım!,,94,https://golgebahcesi.com/wp-content/uploads/2024/12/akademi2_upscayl_2x_upscayl-standard-4x_result.jpg
Düşmüş Krallığın Üçüncü Prensi Geri Döndü,,Ongoing,Manhwa,"['Aksiyon', 'Fantastik', 'Gerileme', 'Macera']",,,23 Şubat 2026,Yetenek Yutan Büyücü Manhwasının Stüdyosundan.,,58,https://golgebahcesi.com/wp-content/uploads/2025/10/1762172029337-kopya.jpg
Yedek Oyuncu,Tôi Đã Giết Tuyển Thủ Học Viện ไอ้เพลเยอร์นั่น ฉันฆ่ามันเอง アカデミーの主人公を殺した アカデミープレイヤーを殺した 我殺了學院玩家 아카데미 플레이어를 죽였다,Ongoing,Manhwa,"['Aksiyon', 'Fantastik', 'Harem', 'Komedi', 'Macera']",Salamsallyeo,Greenkyrin,23 Şubat 2026,Yalayıp yuttuğum “Arshan’ın Kahramanlık Efsanesi” oyununda yan karakter oldum ama ana karakter beklediğim gibi çıkmadı.,,110,https://golgebahcesi.com/wp-content/uploads/2025/10/1762178693496_upscayl_2x_upscayl-standard-4x-kopya.png
Zindan Yolculuğu,Dungeon Odyssey,Ongoing,Manhwa,[],,,23 Şubat 2026,Zindan Yolculuğu,,146,https://golgebahcesi.com/wp-content/uploads/2026/02/ee_upscayl_2x_upscayl-standard-4x_result.webp
Tren Rayında Kalp Kayışta,My Bias Gets on the Last Train,Ongoing,Manhwa,[],,,23 Şubat 2026,"Üniversite öğrencisi Lee Yeoun, her gece geç saatlere kadar çalışıp son trene binmek zorunda kalır.  Fakat bu rutin, yalnızca yorgunluk değil, aynı zamanda kalp çarpıntısıyla da doludur.  Çünkü her seferinde, gitarını sırtlamış gizemli bir kadın olan Shin Haein’le karşılaşır.  Tesadüf mü, kader mi bilinmez; ama bu iki yabancı, aynı indie müzisyeni — “Long Afternoon” — sevdiklerini keşfettiklerinde, aralarındaki mesafe yavaş yavaş kapanmaya başlar.  Her gece raylar aynı, ama kalplerin yönü değişiyor.  Bu hikâye, sessiz bakışların, ortak şarkıların ve son trenin içinde filizlenen bir aşkın öyküsüdür.",,66,https://cdn.hellowebtoon.xyz/2FdroCm140aCfam32/gbcs/classico/mnzmWNDxXfZQ727T1wZrjLTY4oKd8vHS.webp
Şeytan Abimle Anneme Giden Yol,"On the Way to Meet Mom, 엄마를 만나러 가는 길",Completed,Manhwa,"['Aksiyon', 'Fantastik', 'Macera', 'Shounen']",gomyang,gomyang,20 Şubat 2026,"Bir kurtarma ekibi tarafından terk edilmiş bir evde bulunan Mori, gözlerini bir barınakta açar. Bilmediği bu hayata adapte olmaya çalışırken, bir gün gizemli bir sponsor tarafından koşulsuz sevgiyle bakılmaya başlar… Ve sonra Mori, yakın bir arkadaşı annesiyle ayrıldığında bir “annenin” varlığını öğrenir. Çocuk sponsor hakkında meraklanmaya başlar: “Bu kişi… Benim annem olabilir mi?”https://golgebahcesi.com/wp-admin/edit.php",Sonu},31,https://cdn.hellowebtoon.xyz/2FdroCm140aCfam32/gbcs/classico/RHDCNmqHdijPhFPX3BVZvxQd2denSUPD.webp
Ters Gezegenin Yankıları,,Ongoing,Manhwa,[],,,20 Şubat 2026,Barbar olarak hayatta kalıyorum`u yapan ekipten!,,24,https://golgebahcesi.com/wp-content/uploads/2025/12/Gemini_Generated_Image_6yu5tv6yu5tv6yu5_upscayl_2x_upscayl-standard-4x-kopya-1.jpg
Özel Memur,별정직 공무원,Ongoing,Manhwa,"['Aksiyon', 'Dram', 'Fantastik', 'Seinen']","Kwon Sora Seo Jaewon [Add, ]",Baesaem ch,2 Mart 2026,"Özel Memur[Special Civil Servant]
9.Seviye memur sınavında dört başarısızlık ve kaderin oyunları yüzünden Han Maru en sonunda Çevre Bakanlığı için çalışan bir özel memur olur. Elveda küçük yatak odası ve hazır yemekler!",,59,https://golgebahcesi.com/wp-content/uploads/2025/05/Gemini_Generated_Image_khyl2rkhyl2rkhyl_upscayl_1x_upscayl-standard-4x_result.webp
Semâların Kılıcı,Heavenly Inquisition Sword,Completed,Manhwa,[],,,16 Şubat 2026,"“O, Dokuz Semâ’nın ustası.",Sonu,153,https://golgebahcesi.com/wp-content/uploads/2026/02/Gemini_Generated_Image_u5qyv1u5qyv1u5qy_upscayl_2x_upscayl-standard-4x_result.webp
Buz Lordu,"Señor del Hielo, The Royal Frozen, 얼음군주",Ongoing,Manhwa,"['Aksiyon', 'Dram', 'Fantastik', 'Shounen']","Team Croissant Valen [Add, ]",Sanjimseung,16 Şubat 2026,"Buz Lordu:[Ice Lord]
Usta bir kılıç ustası olan Seol Mudok yirmi yaşındayken Kuzey Deniz Konağı’nın ustası oldu. Sevdiği kadının ölümünün ardından umutsuzluğa kapılan Seol Mudok bir gün ölen eşinin reenkarne olduğunu efsanevi çiçek “Aşk Nilüferi” sayesinde öğrenir. Seol Mudok, eşini arayışında kendisini çok farklı bir dünyada bulur.",,60,https://golgebahcesi.com/wp-content/uploads/2025/11/17636953474861.jpg
Evrilen Bir Uzay Yaratığı Oldum,진화하는 우주괴물이 되었다,Ongoing,Manhwa,"['Aksiyon', 'Gerilim', 'Karanlık Fantezi', 'Korku', 'Manhwa', 'Sistem']","공포의거북이,아이나무","공포의거북이,아이나무",14 Şubat 2026,"Evrilen Bir Uzay Yaratığı Oldum:[ı became an evolving space monster]
Uzay araştırmalarına takıntılı genç bir adam, bir araba kazasında ölür ve uzak bir galakside kozmik bir canavar olarak reenkarne olur. Diğer canlıları ve gezegenleri yutarak evrimleşebileceğini keşfeder ve bu evreni yeni bir yaşam formu olarak keşfetmeye karar verir. Bu serüvende çeşitli tehlikeler ve harikaların yanı sıra, arkadaşı veya düşmanı olabilecek diğer zeki varlıklarla karşılaşır.",,54,https://golgebahcesi.com/wp-content/uploads/2023/09/1-4bcf4d2e-c480-4785-a983-4c10f34e2e32-kopya_upscayl_2x_upscayl-standard-4x.png
Yıldırım Bıçağı Ustası,,Ongoing,Manhwa,[],,,12 Şubat 2026,"“Ryu-Yeon, henüz 10 yaşındayken babasını bir hastalık nedeniyle kaybetmiştir. Babasından edindiği becerilerle ağaçlardan harika karmaşık heykeller yontabiliyordu. Bir gün, ebeveynlerinin heykellerini tamamladıktan sonra, Ryu-Yeon, heykellerinden etkilenen yaşlı bir adamla karşılaşır. Bu yaşlı adam, Ryu-Yeon’da bir umut görür ve ona öğrencisi olup olmayacağını sorar. Ryu-Yeon, gidecek yeri olmadığı için yaşlı adamın teklifini kabul eder ve hayatından mümkün olduğunca faydalanmak ister.”",Düzenlemeleri,220.5,https://golgebahcesi.com/wp-content/uploads/2026/02/1-2fb5ad09-11d5-4a90-8d46-c9c3117b39d2_z.jpeg
Mutlak Hüküm,"Absolute Dominion, 절대군림",Ongoing,Manhwa,"['Aksiyon', 'Dövüş Sanatları', 'Fantastik', 'Komedi', 'Komplo', 'Murim']",Jang Young Hoon,Park Si Dae,2 Mart 2026,"Mutlak Hüküm:[Absolute Dominion]
”Jianghu benim olacak!” der sol elinde Kılıç Hükümdarı’nı ve sağ elinde Cehennem Kılıcı’nı bulunduran meyve tüccarı. Sadece tatlı dilli olması yetmezmiş gibi bir de üstüne üstlük aşırı güçlü dövüş sanatları var, nihai hedefi ne olabilir acaba? Dövüş sanatçılarının dünyasını ele geçirmek isteyen yirmi yaşındaki genç Jeok Leegeon’un hikâyesi başlıyor!",,79,https://golgebahcesi.com/wp-content/uploads/2025/10/1763614550481.gif
Oyuncak,Plaything,Ongoing,Manhwa,[],,,10 Şubat 2026,"Hyundo Group’un Başkan Yardımcısı Lee Myung-jun, kızını bir grup zorbanın elinde kaybeder. İntikam arayışıyla, Kuzey Kore’den kaçmış psikopat bir kız olan Yoon Karma’yı evlat edinir.",,4,https://golgebahcesi.com/wp-content/uploads/2025/12/4c07469f-e923-4704-8296-f9284fadd8a4_upscayl_2x_upscayl-standard-4x_result.webp
Dahi Okçunun Yayın Günlükleri,,Ongoing,Manhwa,"['Fantastik', 'Genç', 'Manhwa', 'Modern', 'Shounen', 'Sistem']",Mung Mung Kim,CarroToon,6 Şubat 2026,"Eskiden en genç ulusal yay şampiyonasında birinci olmuş ve yok potansiyel bir okçu olan Yoo Sanghyun, bir kaza geçirdi ve sonucunda asla geri eline yay alamadı.",Finali,100,https://golgebahcesi.com/wp-content/uploads/2025/10/Gemini_Generated_Image_jzttsljzttsljztt-kopya_result.webp
Günahkâr Halka,"Devilish Ring, Evil Ring, The Devilish Ring, The Ring of Evil, Xie e Zhihuan, Xié'è Zhǐhuán, ブラックチョーカー・神の子の逆襲, 恶之环, 恶魔之戒, 恶魔之戒 (Devilish Ring), 邪恶之戒, 邪恶指环",Ongoing,Manhua,"['Aksiyon', 'Dram', 'Fantastik', 'Shounen']",NNNi,"monkiko, Snap studio",6 Şubat 2026,"18 yıl önce, siyah halka takan ve herkesin tarafından aşağılanan bir çocuğun tüm dünyayı değiştireceğine dair bir kehanet ortaya çıktı.",,37,https://golgebahcesi.com/wp-content/uploads/2025/08/Gemini_Generated_Image_4d4vt04d4vt04d4v_upscayl_1x_upscayl-standard-4x_result.webp
Baek Hanesinin Hasta Varisi,,Completed,Manhwa,[],,,2 Şubat 2026,[Yıldız Eğitmen Baek Usta ve 66.666 Yıl Sonra Geri Dönen Kara Büyücü’nün yapımcı stüdyosundan!],Sonu,92,https://golgebahcesi.com/wp-content/uploads/2025/12/Gemini_Generated_Image_f7gnemf7gnemf7gn-kopya.jpg
Gecenin Goblini,"Goblin's Night, Goblin’s Night, Night of Goblins, Night of the Ogre, 도깨비의 밤",Ongoing,Manhwa,"['Aksiyon', 'Dram', 'Fantastik', 'Shounen', 'Supernatural']","Moonsik [Add, ]","Dool [Add, ]",21 Ocak 2026,"Gecenin Goblini [Goblin Night]
Choi Siwoo’nun kilosu hakkında takıntıları vardı.",,53,https://cdn.hellowebtoon.xyz/2FdroCm140aCfam32/gbcs/classico/cW4j7RBGtNR3OCpGOXOmRAXgOFvtkYrP.webp
Yüce Büyücü’nün Restoranı,"A Wizard's Restaurant, Eoneu Mabeobsaui Sigdang, Magician's Restaurant, The Wizard's Restaurant, ครัวจอมเวท, 異世界的美味魔法, 魔法使いの異世界レストラン, 어느 마법사의 식당",Ongoing,Manhwa,"['Aksiyon', 'Fantastik', 'Komedi', 'Yaşamdan Kesitler']","Bad Boys, Mr. Cha",INUS,20 Ocak 2026,"Ejderha savaşını durdurup kıtayı kurtardıktan sonra emekli olan 9. seviye bir büyücü. Başka bir dünyada yeniden doğmuş ve artık tek istediği şey sakin bir hayat sürmek. O da köyün bir köşesinde küçük bir restoran açmaya karar veriyor. Ama bu “sakin hayat” hiç de hayal ettiği gibi gitmeyecek.
Restoranın ikinci katında, Kadın formunda açgözlü ama bir o kadar sevimli ve sadık bir kara ejderha yaşıyor: Lurin. Ne yazık ki insan dünyasına dair pek bir fikri yok. Yine de bu ikili birlikte hem müşterileri ağırlıyor, hem sorunları çözüyor hem de bahçede menekşeler yetiştiriyorlar.",,95,https://golgebahcesi.com/wp-content/uploads/2025/10/yuce_upscayl_2x_upscayl-standard-4x.png
Gizemli Dünyanın Usta Prensi,The Mysterious World’s Greatest Martial Artist Little Prince / 수상한 소공자는 천하십대고수 / The Suspicious Little Prince is the World’s Greatest Teenage Master,Ongoing,Manhwa,[],,,19 Ocak 2026,"Bir zamanlar büyük olan Madorim mezhebi, Büyük Gök Savaşı’na karışmasının ardından zor günler yaşamaktadır.
Mezhebin Yüce Lideri Ju-Rin, yıllar önce terk ettiği kızının oğlu olan, uzun süredir kayıp olan torununun dönüşüyle karşı karşıyadır.
Annesiyle aynı olağanüstü güzelliğe sahip olan torunu, ilk bakışta dövüş sanatları dünyasına uygun olmayan, şımarık bir bilgin gibi görünmektedir.
Ancak o, aslında Wumian Dağı’nın Kralı, dövüş sanatları dünyasının On Büyük Ustası’ndan biri olan güçlü Sarı Nehir Ejderha Kralı’nı yenen adamdır!
Annesinin ölüm döşeğindeki son arzusunu yerine getirmek için Madorim’e dönen Dağ Kralı Jin Murin, şimdi tarikatı yeniden canlandırmak ve eski ihtişamına kavuşturmak için harekete geçer.",,100,https://golgebahcesi.com/wp-content/uploads/2025/12/asdwaewe-kopya.jpg
+99 Tahta Çubuk,"+99 Reinforced Wooden Stick,+99 Wooden Stick",Ongoing,Manhwa,[],,,6 Ocak 2026,"Ana karakterimiz, tüm dünyada popüler olan sanal gerçeklik oyunu oynarken, oyunda yaşadığı deneyim sonucunda oyunun adaletsiz ve güçlülerin zayıfları ezdiği bir platform olduğuna inanır. Her şeyini kaybettikten sonra, biri onun zor durumunu fark eder ve ona bir “Tahta Sopa” verir. İlk başta bu sopayı tamamen işe yaramaz bir eşya olarak görse de, gerçek aslında onun düşündüğünden çok daha farklıdır.”",,178,https://golgebahcesi.com/wp-content/uploads/2025/11/wooden_upscayl_5x_upscayl-standard-4x-1.png
Süper İnsan Çağı,"초인의 시대,Superhuman Era",Ongoing,Manhwa,"['Aksiyon', 'Doğaüstü', 'Gizli Kimlik', 'Okul', 'Süper Güçler', 'Süper Kahramanlar']",Supp (섭이),,6 Ocak 2026,"Dünya’da bilinmeyen canavarlar ortaya çıkmış, onlarla savaşmak için ‘Süper İnsanlar’ da ortaya çıkmıştır. Bu gizemli yaratıklar ve süper insanlar ile yeni bir ‘Süper İnsanlar Çağı’ başlıyor!",,218,https://golgebahcesi.com/wp-content/uploads/2025/10/superhuman-era-is-it-worth-reading-v0-uppbjiv8p93c1.webp
Cehennem Kralının Dönüşü,,Ongoing,Manga,[],,,6 Ocak 2026,"Cehennem Kralı Yama, mutluluğu aramak için emekli olmaya karar verir, ancak halefi Harry, insan dünyasında gizemli bir hedefi gerçekleştirmek için görevini terk edince, Yama’nın reenkarnasyonu askıya alınır. Yama, yeraltı dünyasının gücünü kullanabilen insanlar olan cenaze levazımatçılarının yardımıyla kaosu bastırmaya ve her şeyi olması gereken yere geri döndürmeye çalışır. Yama, yeniden doğuş döngüsünü tereddüt etmeden sürdürebilecek mi, yoksa geçmişinin yankıları yolculuğunu takip edecek mi? Kesin olan bir şey var: cehennem azabı çekilecek.",,111,https://golgebahcesi.com/wp-content/uploads/2025/11/1763698122134.png
Yıkımın Suikastçısı,,Ongoing,Manhwa,[],,,2 Ocak 2026,"Kendi yazdığı romanın içine uyanan ana karakter, dünyanın kaçınılmaz bir yıkıma sürüklendiğini fark eder. Bu sonu değiştirebilmesinin tek yolu ise kahraman olmak değil, hikâyenin en tehlikeli karakteri olmaktır.
Kaderinde yok olmak olan kötü adam Shin Kanghu’nun yerine geçen ana karakter, yaklaşan felaketi durdurmak için kahramanı bile aşacak bir güce ulaşmak zorundadır.
Bu dünyada kurtuluş, ancak yıkımın suikastçısı olmakla mümkündür.",Finali,70,https://golgebahcesi.com/wp-content/uploads/2026/01/Gemini_Generated_Image_8azu168azu168azu.jpg
İmparatorun Kılıcı,"L'épée de l'empereur, Sword of the Emperor, The Emperor's Sword (Leucine), The Sword of Emperor (Leucine), The Sword of the Emperor (Leucine), ดาบแห่งจักรพรรดิ,",Hiatus,Manhwa,"['Aksiyon', 'Dövüş Sanatları', 'Dram', 'Fantastik', 'Shounen', 'Tarihsel']","Immuseong, RDH [Add, ]","Leucine [Add, ]",30 Aralık 2025,İmparatorun Kılıcı:[The Emperor’s Sword],,80,https://cdn.hellowebtoon.xyz/2FdroCm140aCfam32/gbcs/classico/iRUG2UhPu2qVo07jd5umRH8Ld7AP6BRP.jpg
Oyuncunun Son Şansı,,Ongoing,Manhwa,[],,,25 Aralık 2025,The 100th Regression of the Max-Level Player,Finali,81,https://cdn.hellowebtoon.xyz/2FdroCm140aCfam32/gbcs/classico/XELHUMFV3FYd1hecuVBJWIi8FxMjILki.webp
JAKDU: Şamanın Kılıcı,,Ongoing,Manga,[],,,10 Aralık 2025,"Batıl inançlara inanmayan kahraman Kwon Yongjin, 16. yaş gününün hemen ardından inanılmaz olaylarla karşı karşıya kalır.
Makine Çeviri-Edittir.",,70,https://golgebahcesi.com/wp-content/uploads/2025/12/1-thumbnail_IMAG21_840e741d-f74e-44bc-b60b-a4e132516889.jpg
Ölümün Oğlu,Sasinsonyeon • 死神少年 • 사신소년 • Жнец смерти • Reaper Boy • Hero Ticket • ตั๋วโกงชีวิต • Cậu Bé Của Thần Chết • Ticket Hero,Ongoing,Manhwa,[],Ryu (류),Ryu (류),5 Aralık 2025,Annesini kaybeden ve zorbalığa uğrayan Lee Kyung Ho artık hayatını sona erdirmek için intihar etmeye karar vermiştir. Onun bu intihar girişimi bir şekilde ölüm meleği Sierra’nın ilgisini çeker ve sonrasında O’na bir anlaşma teklif eder. Bu anlaşma sayesinde Lee Kyung Ho’ya hayatından bir yıl feda ederek ölülerin gücünü kazanabilecektir. En büyük arzusu annesinin ruhunu bulmak olan Lee Kyung Ho başta reddetse de sonunda teklifi kabul eder. “Her şeyimi al ve bana 1 yıl ver.” “Anlaşma mühürlendi.“,,300,https://golgebahcesi.com/wp-content/uploads/2025/11/Gemini_Generated_Image_qe7815qe7815qe78_upscayl_2x_upscayl-standard-4x_result-kopya_result.webp
Savaşçı Büyükbaba ve Yüce Torun,"할배무사와 지존 손녀, Warrior Grandpa And Supreme Granddaughter",Ongoing,Manhwa,[],,,5 Aralık 2025,"Liu Jinshan, pişmanlık duymadan ölebileceğini düşündüğü anda, ailesi yok edildi! Sonuç olarak, hayatta kalan tek torunu Liu Seol’un yetişkinliğe erişmesini görebilmek için yaşamaya karar verdi. Yaşlanan vücuduyla onu büyütmek ve eğitmek için mücadele ederken, üstün bir dövüş sanatçısı yeteneği ile doğan Liu Seol, onun düşündüğünden çok daha hızlı büyüdü. “Merak etme, büyükbaba, bundan sonra seni ben koruyacağım!”",Finali,100,https://golgebahcesi.com/wp-content/uploads/2025/11/Gemini_Generated_Image_s78k6ys78k6ys78k_upscayl_2x_upscayl-standard-4x.png
Şeytan Prens Akademiye Gidiyor,The Demon Prince goes to the Academy / Demon King of the Royal Class / The Devil Comes To The Academy / 魔王在学校的生活 / 魔王様は学園に行く / 마왕은 학원에 간다,Completed,Manhwa,[],,,5 Aralık 2025,"Romanımdaki nefret dolu yorumları okurken öldüm. Ölümümün şokunu henüz atlatamamışken, bir “Azrail” ortaya çıktı ve kötü bir yazar olmanın günah olduğunu söyledi. Kefaretimi ödemek ve cennete girmek için, romanlarımdan birinin sonunu görmem gerektiği söylendi. Ve böylece romana girdim… “Lanet olsun! Neden bu benim başıma geldi?!” Ne yazık ki, ele geçirdiğim karakter, savaşma yeteneği olmayan ve hikayenin başında ölen Şeytan Prens’ti!
Makine Çeviri-Edittir.",,80,https://golgebahcesi.com/wp-content/uploads/2025/11/unnamed-1.jpg
Genç Mahkûmun İntikamı,"Criminal Boy, Juvenile Criminal, Juvenile Kid",Completed,Manhwa,"['Aksiyon', 'Dram', 'Genç', 'Gerilim', 'İntikam', 'Şiddet']","Park Tae Joon Company, 남자의 이야기",Park Tae Joon Company,20 Kasım 2025,Genç Mahkûmun İntikamı [Juvenille Offender],,82,https://golgebahcesi.com/wp-content/uploads/2023/05/1-cover_1732135054624.webp
Parlayan Kılıçın Hikayeleri,,Completed,Manhwa,[],,,6 Kasım 2025,"Yokai dünyasının en güçlüsü Eunho!Sevdiği kadını kaybettikten ve sayısız yokaiyi öldürdükten sonra insan olma şansını elde etti.Ölümsüz bedenini terk etmek için bin yıl boyunca erdem biriktirerek reenkarnasyon kapısından geçtikten sonra…İnsan oldu, kılıç tuttu ve ilk kez dövüş sanatlarını öğrendi.Ama bu çok… kolay mı?",,129,https://golgebahcesi.com/wp-content/uploads/2025/11/1762461164962_kopya_upscayl_2x_upscayl-standard-4x-kopya.png
Gündüzgezen,,Ongoing,Manhwa,"['Drama', 'Fantezi', 'Manhwa', 'Olgun', 'Seinen']",,,3 Kasım 2025,"Gündüzgezen:[Daywalker]
Ulusal Güvenlik Ajansı’nın gizli operasyon ajanı “Kim Suhyeok”, Kore’de uyuşturucu kaçakçılığı yapan bir örgütün başındaki yakuza lideri “Nanayama”ya suikast düzenlemekle görevlendirilir. Suhyeok’u şaşırtan şey ise hedefinin “Anna” adındaki masum ve büyüleyici bir kadın olmasıdır. Görevinde bir terslik olduğunu hisseden Suhyeok, hem kendisine ihanet eden Ulusal Güvenlik Ajansı’ndan hem de yoldaşlarını katleden “Nanayama”dan intikam alma yoluna girer.",Finali,63,https://cdn.hellowebtoon.xyz/2FdroCm140aCfam32/gbcs/classico/PFqo4ZTfSJhjMMiGwUEMPe2iUnh6egKL.webp
Oyuncu,"プレイヤー, 網漫玩家, 被迫成为玩家, 플레이어,Player",Ongoing,Manhwa,"['Aksiyon', 'Fantastik', 'Komedi', 'Macera', 'Shounen']",Park Jong-Seok,Hyeon-Jun Oh,3 Kasım 2025,"Oyuncu:[Player]
Seol-Jin Heo gerçekten de acınası biri, okuldaki herkes tarafından hatta can dostu saydığı kişiler tarafından bile zorbalığa uğruyor. Bu zalim gerçeklikten kaçmasının tek yolu aksiyon webtoon’ları okumak ve kendini o hikâyelerdeki kahramanların yerine koymaktı ancak bir gün okuduğu webtoonlardan birine yazdığı yorumu popüler olunca Seol-Jin Heo kendini okuduğu webtoon’un içinde, hikâyenin ana karakteri olarak bulur!",,245,https://golgebahcesi.com/wp-content/uploads/2025/10/1762184295714_upscayl_2x_upscayl-standard-4x.png
Rastgele Sohbetten Gelen Kız,"The Girl from Random Chatting!, สาวจากแรนดอมแชต, ランダムチャットの彼女！, 匿名女孩, 匿名女孩!, 랜덤채팅의 그녀!",Completed,Manhwa,"['Aksiyon', 'Dram', 'Komedi', 'Okul Hayatı', 'Psikolojik', 'Romantik', 'Romantizm', 'Shounen']",PARK Eunhyuk,PARK Eunhyuk,30 Ekim 2025,Rastgele Sohbetten Gelen Kız:[The Girl from Random Chatting],,351,https://golgebahcesi.com/wp-content/uploads/2025/10/QWjNoaxYf8Prb1DfcMWO1uT6x8e8bDst_waifu2x_photo_noise2_scale.jpg
Tang Klanının Günceleri,The Tang Clan Chronicles,Ongoing,Manhwa,"['Aksiyon', 'Dövüş Sanatları', 'Fantastik', 'Komedi', 'Macera', 'Murim']",Şarkı eui -seop,J -herbin,25 Ekim 2025,"Sichuan’daki Tang kliniğinin genç hekimi olan Tang Mujin, bir gün rüyasında efsanevi demirci Ou Yezi olduğunu ve ölümsüzlüğe eriştiğini görür.",,21,https://golgebahcesi.com/wp-content/uploads/2025/08/01K2WBJHJ2WK5DNYB47K9WR92H-thumb-small_waifu2x_art_scan_noise2_scale-kopya.jpg
Bay Zombi,"Jiāng Sī Xiānshēng, Mr. Jiang Si, Mr. Zombie, 江思先生",Ongoing,Manhua,"['Aksiyon', 'Doğaüstü', 'Fantazi', 'Komedi', 'Shounen']","Cao San Mu [Add, ]","朝三暮四郎 [Add, ]朝三暮四郎_fPJFGM [Add, ]",20 Ekim 2025,Bay Zombi [Mr.Zombie],,146,https://cdn.hellowebtoon.xyz/2FdroCm140aCfam32/gbcs/classico/DZ2VvOYliu6pFTXZvZQtBdTh74abvISB.webp
Liselim Döndü,,Hiatus,Manhwa,"['Dram', 'Harem', 'Manhwa', 'Romantik']",,,18 Ekim 2025,"Beş yıl önce, ilk aşkım Cha Mia ortadan kayboldu.
Şimdi ise tamamen değişmiş bir halde yeniden karşıma çıktı.",,13,https://golgebahcesi.com/wp-content/uploads/2025/10/2-300Miaisback_waifu2x_art_noise1_scale.webp
Duyuru.,,Ongoing,Manga,"['Aksiyon', 'Fantastik', 'Romantizm']",author test,artist test,27 Eylül 2025,Yorumları Oku.,,?,https://cdn.hellowebtoon.xyz/2FdroCm140aCfam32/gbcs/classico/h4ODNfCVj3A4XIKaYOO9iiB0gS6pbtSs.webp
Kanbozan,,Hiatus,Manhwa,[],M3,K O A N,2 Eylül 2025,"Hayatta kalmak bir yetenek değil, cehennemle pazarlıktır. Mani ise artık pazarlığın peşini bıraktı — bizzat cehennemle kafa kafaya geliyor.",,9,https://golgebahcesi.com/wp-content/uploads/2025/07/lidy-kapak.png
Zindan Mimarı,,Ongoing,Manhwa,"['Aksiyon', 'Fantastik', 'Macera']",,,19 Ağustos 2025,"Kang Chiwoo, kaza sonucu hayatını kaybetmiş ve başka bir dünyaya İblis Kralı’nın oğlu olarak reenkarne olmuştur.",,43,https://cdn.hellowebtoon.xyz/2FdroCm140aCfam32/gbcs/classico/apJxvhIUwGSkjJRFcclGTFigPcTPFXWr.webp
Kiralık Kahraman,렌탈히어로,Ongoing,Manhwa,"['Aksiyon', 'Dram', 'Fantastik', 'Manhwa', 'Shounen']",Porto,"Corbett [Add, ]",23 Haziran 2025,Kiralık Kahraman [Rental Hero],Finali,65,https://golgebahcesi.com/wp-content/uploads/2023/05/1-thumbnail_IMAG21_e6ba58d2-2fb0-404c-b0b7-f85e6a9fafd2_waifu2x_art_scan_noise2_scale.png
Canavar Yiyen,"Monster Devourer, 먹뀌싸",Ongoing,Manhwa,"['Aksiyon', 'Doğaüstü', 'Dram', 'Fantastik', 'Seinen']","Kim Soong-Nyung, PTJ COMICS","Team Sungnyung [Add, ]",10 Haziran 2025,Canavar Yiyen:[Monster Devourer],,16,https://cdn.hellowebtoon.xyz/2FdroCm140aCfam32/gbcs/classico/sn6P4VVGvuIBDbZZegyyFri1HOd515Xv.webp
It Feels So Wrong to Bite People [Tamamlandı],"Biting Someone Is Wrong, It Feels So Wrong to Bite People, It Is Wrong To Bite Someone, 咬人是不对的",Completed,Manhua,"['Aksiyon', 'Canavar', 'Dedektif', 'Fantazi', 'Gizem', 'Kıyamet', 'Komedi', 'Lise', 'Okul Hayatı']","Shou Si Jun, 咬人是不对的 [Add, ]","Shou Si Jun, 怪化猫工作室",10 Haziran 2025,It Feels So Wrong to Bite People:,,116,https://cdn.hellowebtoon.xyz/2FdroCm140aCfam32/gbcs/classico/EZbdqzngG4IQfxIohNQCHasrU1brpy7F.webp
Sima Klanı’nın İkiz Kılıçları,"The Twin Swords Of The Sima, The Twin Swords of the Sima Clan, 邪魔雙�, 사마쌍협",Hiatus,Manhwa,"['Aksiyon', 'Dövüş Sanatları', 'Dram', 'Shounen', 'Tarihsel']","WHYNOTME PRODUCTION, Wol-In",WHYNOTME PRODUCTION,3 Haziran 2025,"Sima Klanı’nın İkiz Kılıçları:[The Twin Swords Of The Sima Clan]
Muhterem bilgenin hizmetkârı Jawun-yeop, ‘Ailemizin reisi aptalın önde gideni’ diye düşündü.",,34,https://cdn.hellowebtoon.xyz/2FdroCm140aCfam32/gbcs/classico/gNqD2uhVkxbdMuRKe5jeGyfiXpil0GzH.webp
Hayalet Çekiç,,Ongoing,Manhwa,"['Aksiyon', 'Fantastik', 'Genç']",Baek jun-young,Baek jun-young,30 Mayıs 2025,Acemi Melek Yu Dante’nin korkunç romantik maceraları.,,3,https://cdn.hellowebtoon.xyz/2FdroCm140aCfam32/gbcs/classico/hXGhiCSk4yYe1SmbDzRtKgmEbSMAKmvs.webp
Ruhsuz Kafirlerin Gecesi,영혼 없는 불경자의 밤,Hiatus,Manhwa,"['Aksiyon', 'Dram', 'Fantastik', 'Shounen']",Hong Jeong Hoon,Studio Inus,26 Mayıs 2025,Size (Yetenek Yutan Büyücü)’yü yapan stüdyodan],,31,https://cdn.hellowebtoon.xyz/2FdroCm140aCfam32/gbcs/classico/V024QOgBB0MiRtXzgUP4C0okB0vqTZbM.webp
Webtoon Karakteri Na Kang Lim,,Completed,Manhwa,[],LEE Kyung-Min,SONG JoonHyuk,20 Mayıs 2025,"[Makine]Webtoon Karakteri Na Kang Lim[Makine]: [Webtoon Character Na Kang Lim]
Na Kang Lim, webtoon hayranı bir lise öğrencisidir. Hayatı normal ve sıkıcı olmasına rağmen bir gün her şey değişir. En sevdiği webtoon’daki kız ana karakter gerçek dünyaya gelmiş ve Na Kang-Lim’in sınıfına nakil olmuştur! Webtoon’daki tehlikeler gerçek hayatta da yaşanmaya başlayınca kız ana karakteri koruyacak birine ihtiyaç duyulur. Na Kang Lim bu koruyucu rolünü üstlenir ve zamanda geriye giderek kızı kurtarır. Artık hikâyenin yeni ana karakteri Na Kang-Lim’dir!",,172,https://cdn.hellowebtoon.xyz/2FdroCm140aCfam32/gbcs/classico/CgMmFiYUUlmtSFikErpp90zKW6eHNFDS.webp
Urek Mazino,"Tower of God: Urek's Ascent, 우렉 마지노",Hiatus,Manhwa,"['Aksiyon', 'Dram', 'Fantastik', 'Macera', 'Shounen']",SIU,SIU,18 Mayıs 2025,Serisinin İlk Yan Hikâyesi!,,6,https://cdn.hellowebtoon.xyz/2FdroCm140aCfam32/gbcs/classico/k20pgZZuqeRtBNwBup3tQ7QO5lfqI4uZ.webp
Bones,Bones,Completed,Manhwa,"['Aksiyon', 'Dram', 'Fantastik', 'Korku', 'Lise', 'Okul', 'Shounen']",OnGoing,OnGoing,20 Nisan 2025,Bones,,999,https://cdn.hellowebtoon.xyz/2FdroCm140aCfam32/gbcs/classico/RrG4ew16qwziP9MxfWnDHK4kElL7OkTq.webp
A Wife Who Heals With Tights,"Tights de Iyashite Kureru Yome, タイツで癒してくれる嫁, 老婆用连裤袜来治愈我",Completed,Manhwa,"['Ecchi', 'Komedi', 'Manga', 'Romantizm', 'Yaşamdan Kesitler']",Grande,Grande,2 Nisan 2025,"Sömürücü bir şirkette durmaksızın çalışan bir koca, işten eve döndüğünde günlük yorgunluğunu iyileştiren/gideren tatlı, beyaz saçlı karısının müstehcen ve sevgi dolu hikayesi.",,39,https://golgebahcesi.com/wp-content/uploads/2023/05/71kMyekimOL._UF10001000_QL80_.jpg
Arad’ın Işığı: Kehanet,"Light of Arad: Forerunner, Light of Arad: He Who Walks First, 아라드의 빛: 먼저 걷는 자",Ongoing,Manhwa,"['Aksiyon', 'Dram', 'Fantastik', 'Seinen']","Jegal Bokja Lee Soo Baek [Add, ]",Funky Creature,1 Nisan 2025,"Arad’ın Işığı: Kehanet:[Light of Arad: Forerunner]
Yalnız Yükseliş ve Bilge Okuyucunun Bakış Açısı, Düşüşten Sonraki Dünya ve çok daha fazlasını getiren Redice Stüdyo’nun yeni serisi!]",,24,https://cdn.hellowebtoon.xyz/2FdroCm140aCfam32/gbcs/classico/HXX4FuDfIBJIsEF71Fwo2m9f99nD0iPH.webp
Yetişimci Yılanın Götünü Kurtarma Öyküsü,"Lǎo Shé Xiū Xiān Chuán, Serpent Ancestor, Snake Immortal: The Tale of a Snake's Cultivation to Immortality, Tale of the Old Snake's Immortal Cultivation, 老蛇修仙�, 老蛇修仙传（蛇祖）",Hiatus,Manhua,"['Aksiyon', 'Dövüş Sanatları', 'Fantastik', 'Seinen']",临时1,临时1,11 Mart 2025,"Yetişimci Yılanın Götünü Kurtarma Öyküsü:[Snake Immortal: The Tale of a Snake’s Cultivation to Immortality]
Köylerin birindi aniden beliren yaşlı yılan “İnsan Görünümlü” adıyla biline bi’ hap tüketir, böylece gelişmiş insan zekası kazanır, artık yetişim yolunda ilerleme şansı vardır fakat Yılanların ömrü sadece 10 yılla sınırlıdır… Acaba 10 yıl boyunca ana karakter olan yılanımız ne badireler atlatacaktır?",,30,https://cdn.hellowebtoon.xyz/2FdroCm140aCfam32/gbcs/classico/CVdfbEMqjTBKLdKwOhcLn3IZtjfW6Clw.webp
Sorumlu Zorba,"Iljin in Charge Iljin, The Bully In-Charge, เลวฟาดเลว, 一陣擔當一陣, 不良担当不良, 校霸负责人, 流氓制裁混混, 일진담당일진",Ongoing,Manhwa,"['Aksiyon', 'Dram', 'Seinen', 'Shounen']",GRIMZO,GRIMZO,20 Şubat 2025,"Okulu bırakan Kwon Daegun, yeterlilik sınavına hazırlanıyordu. Bir markette yarı zamanlı bir işte çalışırken bazı haydutlarla kavga etmek zorunda kaldı. Onları kolayca alt eden Kwon Daegun’a, kendisini uzun süredir yakından izleyen bir Eğitim kurumu tarafından “Iljin In Charge/The Bully In Charge” adlı bir proje teklif edildi. Biraz düşündükten sonra teklifi kabul etti ve Eğitim kurumuna ait bir liseye girdi. Eğitim kurumunun verdiği görev ise sırasına göre bu okulun büyük itibar kazanmış güçlü zorbalarını teker teker yenmekti.",,85,https://cdn.hellowebtoon.xyz/2FdroCm140aCfam32/gbcs/classico/tqM19YfCCUVijC9rvyCrVNNNVz7nLKak.webp
I Reincarnated as an SSS-Ranked Goblin,"I Reincarnated as an SSS-Ranked Goblin, 転生したらSSS級ゴブリンになりました",Ongoing,Manga,"['Büyü', 'Fantastik', 'İsekai', 'Reenkarnasyon']","MIKI Kazuma [Add, ]",CH Pocket,20 Şubat 2025,"Gözlerimi açtığımda kendimi bir goblin olarak buldum. Yeni nesil bir sanal gerçeklik MMORPG oyununda en düşük seviye canavar olarak yeniden doğmuştum. Küçük kız kardeşim Lily ile birlikte zorlu bir goblin hayatı sürdürdükten sonra, kahramanın düzenlediği bir istila sırasında öldürüldüm. Neden böyle acınası bir ölümü hak etmiştim ki, neden yeniden doğmuştum…?",,26,https://cdn.hellowebtoon.xyz/2FdroCm140aCfam32/gbcs/classico/aRJoigEVlCyuxNJNpBZNNLUb5s1hA956.webp
Çıkmıyoruz ki!,,Ongoing,Manhwa,"['Komedi', 'Manhwa', 'Okul Hayatı', 'Romantik']",Song Junhyuk,Kyungmin Lee,19 Ekim 2024,"Çıkmıyoruz ki!:[We Are Not Dating!!]
[Webtoon Karakteri Kang Lim’i yapan stüdyodan yeni seri!]
“Neden birlikte olup olmadığımızı sorup duruyorsun ya?! El ele tutuştuk diye sevgili mi olduk?”
Çift olmayan çiftlerden günlük aşk hikâyeleri!",,35,https://cdn.hellowebtoon.xyz/2FdroCm140aCfam32/gbcs/classico/crrMIfmUOYZKvwTnDkorbScNCk0T5iSr.webp
Ringin Kralı,Synopsis King of Violence,Ongoing,Manhwa,"['Aksiyon', 'Dram', 'Seinen']",,,1 Ekim 2024,"Ringin Kralı:[King of Violence]
[Return Of The Mount Hua Sect (Hua Dağı Mezhebi’nin Dönüşü)’nü yapan stüdyodan yeni seri!]
Lee Gilsoo, zorbalarından kurtulmak için okul değiştirmişti. Yeni okulu ilk bakışta cennet gibi görünse de aslında çok farklıydı çünkü Altı Geçit Lisesinde şiddet normal karşılanıyordu ve öğrenciler, sorunlarını özel dövüş alanında yumruklarıyla konuşarak hallediyorlardı.",,20,https://cdn.hellowebtoon.xyz/2FdroCm140aCfam32/gbcs/classico/FDNjoLYTiFckXbfaj3sYsrH31Af9zHVk.webp
Büyük Savaş,,Hiatus,Manhwa,"['Dövüş', 'Dövüş Sanatları', 'Macera', 'Okul', 'Okul Hayatı']",SHIN Hyungwook,Kwang-soo,1 Eylül 2024,"Büyük Savaş:[The Great War]
Evinden kovulduktan sonra kaçak bir ailenin lideri olarak yaşayan “Dajun Lim”, hayatta kalmanın zorluklarıyla yüzleşiyor.  Yeonu’yu kaçak ailesinin yanına getirdiğinde İncheon’da engellenemeyen bir domino etkisi oluşur.",,2,https://cdn.hellowebtoon.xyz/2FdroCm140aCfam32/gbcs/classico/xVmhhBn4zN8nXB7bqKMfP0wMMofm1Ln5.webp
Gimai Seikatsu,"Days With My Stepsister, Viviendo con mi Hermanastra, 義妹生活",Ongoing,Manga,"['Manga', 'Okul Hayatı', 'Psikolojik', 'Romantizm', 'Shounen', 'Yaşamdan Kesitler']",MIKAWA Ghost,KANADE Yumika,3 Ağustos 2024,"Aynı çatı altında yaşayan sınıf arkadaşlarından erkek ve kız kardeşlere. Babasının yeniden evlenmesinden sonra, Asamura Yuuta yeni bir üvey kız kardeş edinir, okul yılının bir numaralı güzeli olan Ayase Saki. Daha önceki anne-babalarından kadın-erkek ilişkilerinde önemli değerleri öğrenmiş olan çiftler, birbirlerine çok yakın olmama, karşıt olmama, belli belirsiz bir ilişki içerisindeki rahat mesafeyi koruma sözü verirler.",,16.2,https://cdn.hellowebtoon.xyz/2FdroCm140aCfam32/gbcs/classico/tS75lAVu6Zq1BJYOOEpioCjKyUKCPiAX.webp
Vermeil in Gold – A Magician Pushes Through the Magical World With the Strongest Disaster,"Kinsou no Vermeil - Gakeppuchi Majutshi wa Saikyou no Yakusai to Mahou Sekai wo Tsukisusumu, Kinsou no Vermeil ~Gakeppuchi Majutshi wa Saikyou no Yakusai to Mahou Sekai wo Tsukisusumu~, Vermeil in Gold, Vermeil in Gold - A Magician Pushes Through the Magical World With the Strongest Disaster, Vermeil in Gold: The Failing Student and the Strongest Scourge Plunge Into the World of Magic, เวอร์มีลแห่งเวทสีทอง ∼ นักอาคมหวิดซิ่วกับอสูรรับใช้สุดแกร่งบุกตะลุยโลกเวทมนตร์ ∼, 金装のヴェルメイユ, 金装のヴェルメイユ ～崖っぷち魔術師は最強の厄災と魔法世界を突き進む, 金装的维尔梅, 金装的维尔梅～濒临堕落的魔法师和最强的灾厄一起冲入魔法世界～, 금장의 벨메이�, 금장의 벨메이유 ∼벼랑 끝 마술사는 최강의 재액과 마법세계를 헤쳐나간다",Ongoing,Manga,"['Aksiyon', 'Drama', 'Ecchi', 'Fantastik', 'Komedi', 'Macera', 'Romantizm', 'Shounen']",AMANA Kouta,UMEZU Youko,18 Haziran 2024,,,23.1,https://cdn.hellowebtoon.xyz/2FdroCm140aCfam32/gbcs/classico/PTIkseEOtbWf7GBHedovzqrjZA9U2b5O.webp
İdam Mahkumu,"Death Row Boy, เด็กหนุ่มผู้ลงทัณฑ์, 死刑少年, 사형소년",Ongoing,Manhwa,"['Aksiyon', 'Dram', 'Psikolojik', 'Seinen', 'Trajedi']",KIM SOONG NYUNG,GWANG SAN,28 Mayıs 2024,"Ailesini Kim Shin yüzünden kaybeden Ji-hoo bir başka mağdur olan Du-seok ile tanışır ve yaşayan bir silah olmak için eğitilir. Sonrasında katili çıplak elleriyle öldürmek için tek başına hapise girer. “1977’den beri ülkemizde idam cezası olmadı, birinin halletmesi gerekmez mi?",,26,https://cdn.hellowebtoon.xyz/2FdroCm140aCfam32/gbcs/classico/jl7eUmmBf9RpPCQEIKGBrF6bHpVchGdM.webp
The Return Of Apocalypses Tyrant,회귀한 아포칼립스의 폭군,Ongoing,Manhwa,"['Aksiyon', 'Manhwa']","Kim Dokbae, Lee Hyoungsuk","Lee Mundong, Pebaragi",13 Aralık 2023,"Kıyamet Tiranının Dönüşü:[The Return Of Apocalypses Tyrant]
Cehennem Kapısı’nın açılmasından 25 yıl ardından tek bir kişi hariç tüm insanlık dünyadan silinmiştir.",,11,https://cdn.hellowebtoon.xyz/2FdroCm140aCfam32/gbcs/classico/vZqALvatw3qzSZst1BskIdahDrejCPAI.webp
Super String: Marco Polo’s Travel to the Multiverse,"Le Livre des Multivers, Super String: Marco Polo's Travel to Multiverse, Super String: Marco Polo's Travel to the Multiverse, ซูเปอร์สตริง - สู่มัลติเวิร์สมาร์โคโปโล, スーパーストリング 異世界見聞録, 异世界见闻录, 超弦聯盟：異世界見聞錄, 슈퍼스트링 -이세계 견문록-",Hiatus,Manga,"['Aksiyon', 'Dram', 'Fantastik', 'Komedi', 'Macera', 'Shounen']",YOUN In-Wan,Boichi,1 Eylül 2023,"Polo ailesinin en büyük oğlu Marco, küçük kardeşlerine bakmaya çalışıyor. Garip ve talihsiz bir gemi kazası sonrasında kendini Asya’da bulan Marco, ziyaret etmemesi konusunda uyarıldığı bir yere gelmiştir. Yakında, ailesini koruma ile dünyayı kurtarma arasında bir seçim yapmak zorunda kalması sonucu beklenmedik bir yolculuğun eşiğinde olduğunu fark eder.",,5,https://cdn.hellowebtoon.xyz/2FdroCm140aCfam32/gbcs/classico/paJG8zS6yQY1Mcc8x4S8u0K93zcf0acA.webp
I Have Max Level Luck,"My Luck Is Max Level, 俺の幸運はカンストレベル, 내 행운은 만렙이다",Hiatus,Manhwa,"['Aksiyon', 'Fantastik', 'İsekai', 'Macera', 'Manhwa', 'Oyun', 'Sanal Gerçeklik', 'Sistem']","Dong Ju [Add, ]kamille [Add, ]","kamille [Add, ]",8 Temmuz 2023,"Aşırı zorluğu nedeniyle övülen bir Sanal Gerçeklik oyunu! Hansung bir zamanlar en üst düzey rütbeli biriydi, ama oyunun içinde kapana kısıldı. Mevcut istatistikleriyle hayatta kalmak zor. Ancak, Hansung’un yüksek bir şans seviyesi var! Rastgele kutulardan SSS sınıfı becerileri mi elde ediyorsunuz? Bu kolay! Slot makinesinden ikramiyeyi vurmak? Çok kolay! Şansla dolup taşıyor! Peki, Hansung bu oyunu sadece şansına güvenerek güvenli bir şekilde temizleyebilir mi?",,42,https://cdn.hellowebtoon.xyz/2FdroCm140aCfam32/gbcs/classico/Ojrl5LQdI03Ko27M7kbuF29p2icsvQGZ.webp
